-- ============================================
-- PurrVet Database Seeder (Docker)
-- Generated by setup script
-- Password for all accounts: Password123!
-- ============================================

-- Clear existing data (in correct order due to foreign keys)
IF OBJECT_ID('PetCards', 'U') IS NOT NULL DELETE FROM PetCards;
IF OBJECT_ID('AppointmentDrafts', 'U') IS NOT NULL DELETE FROM AppointmentDrafts;
DELETE FROM SystemLogs;
DELETE FROM Notifications;
DELETE FROM Appointments;
IF OBJECT_ID('AppointmentGroups', 'U') IS NOT NULL DELETE FROM AppointmentGroups;
IF OBJECT_ID('InventoryItems', 'U') IS NOT NULL DELETE FROM InventoryItems;
DELETE FROM ServiceSubtypes;
DELETE FROM ServiceCategories;
IF OBJECT_ID('MicrosoftAccountConnections', 'U') IS NOT NULL DELETE FROM MicrosoftAccountConnections;
IF OBJECT_ID('RefreshTokens', 'U') IS NOT NULL DELETE FROM RefreshTokens;
DELETE FROM Pets;
DELETE FROM Owners;
DELETE FROM Users;

-- Reset identity seeds
IF OBJECT_ID('PetCards', 'U') IS NOT NULL DBCC CHECKIDENT ('PetCards', RESEED, 0);
IF OBJECT_ID('AppointmentDrafts', 'U') IS NOT NULL DBCC CHECKIDENT ('AppointmentDrafts', RESEED, 0);
DBCC CHECKIDENT ('SystemLogs', RESEED, 0);
DBCC CHECKIDENT ('Notifications', RESEED, 0);
DBCC CHECKIDENT ('Appointments', RESEED, 0);
IF OBJECT_ID('AppointmentGroups', 'U') IS NOT NULL DBCC CHECKIDENT ('AppointmentGroups', RESEED, 0);
IF OBJECT_ID('InventoryItems', 'U') IS NOT NULL DBCC CHECKIDENT ('InventoryItems', RESEED, 0);
DBCC CHECKIDENT ('ServiceSubtypes', RESEED, 0);
DBCC CHECKIDENT ('ServiceCategories', RESEED, 0);
IF OBJECT_ID('MicrosoftAccountConnections', 'U') IS NOT NULL DBCC CHECKIDENT ('MicrosoftAccountConnections', RESEED, 0);
IF OBJECT_ID('RefreshTokens', 'U') IS NOT NULL DBCC CHECKIDENT ('RefreshTokens', RESEED, 0);
DBCC CHECKIDENT ('Pets', RESEED, 0);
DBCC CHECKIDENT ('Owners', RESEED, 0);
DBCC CHECKIDENT ('Users', RESEED, 0);

-- ============================================
-- 1. USERS (15 rows: 1 Admin, 4 Staff, 10 Owners)
-- ============================================
-- Password: Password123! (ASP.NET Identity hash)

SET IDENTITY_INSERT Users ON;

-- Admin User (custom credentials)
INSERT INTO Users (UserID, FirstName, LastName, Email, Phone, Password, Type, Status, CreatedAt, ProfileImage, TwoFactorEnabled, FailedLoginAttempts)
VALUES
(1, 'Test', 'test', 'inguitomario00@gmail.com', '09171234567', 'AQAAAAIAAYagAAAAEH4cxxiIkR8ajC6TU/4c2UB+ykec3Eepow7zk9OJBsBlryGdWi6sR70iuDznR9gVyg==', 'Admin', 'Active', '2026-01-01 08:00:00', 'pet.png', 1, 0);

-- Staff Users (first one has custom credentials)
INSERT INTO Users (UserID, FirstName, LastName, Email, Phone, Password, Type, Status, CreatedAt, ProfileImage, TwoFactorEnabled, FailedLoginAttempts)
VALUES
(2, 'test', 'test', 'mariojringuito@gmail.com', '09171234568', 'AQAAAAIAAYagAAAAEH4cxxiIkR8ajC6TU/4c2UB+ykec3Eepow7zk9OJBsBlryGdWi6sR70iuDznR9gVyg==', 'Staff', 'Active', '2026-01-05 09:00:00', 'pet.png', 1, 0),
(3, 'Michael', 'Chen', 'michael.chen@happypaws.com', '09171234569', 'AQAAAAIAAYagAAAAEH4cxxiIkR8ajC6TU/4c2UB+ykec3Eepow7zk9OJBsBlryGdWi6sR70iuDznR9gVyg==', 'Staff', 'Active', '2026-01-10 09:00:00', 'pet.png', 1, 0),
(4, 'Emily', 'Rodriguez', 'emily.rodriguez@happypaws.com', '09171234570', 'AQAAAAIAAYagAAAAEH4cxxiIkR8ajC6TU/4c2UB+ykec3Eepow7zk9OJBsBlryGdWi6sR70iuDznR9gVyg==', 'Staff', 'Active', '2026-01-15 09:00:00', 'pet.png', 1, 0),
(5, 'David', 'Williams', 'david.williams@happypaws.com', '09171234571', 'AQAAAAIAAYagAAAAEH4cxxiIkR8ajC6TU/4c2UB+ykec3Eepow7zk9OJBsBlryGdWi6sR70iuDznR9gVyg==', 'Staff', 'Active', '2026-01-20 09:00:00', 'pet.png', 1, 0);

-- Owner Users (first one has custom credentials)
INSERT INTO Users (UserID, FirstName, LastName, Email, Phone, Password, Type, Status, CreatedAt, ProfileImage, TwoFactorEnabled, FailedLoginAttempts, LastTwoFactorVerification)
VALUES
(6, 'test', 'test', 'mariojringuito@riomar.dev', '09292932986', 'AQAAAAIAAYagAAAAEH4cxxiIkR8ajC6TU/4c2UB+ykec3Eepow7zk9OJBsBlryGdWi6sR70iuDznR9gVyg==', 'Owner', 'Active', '2026-02-01 10:00:00', 'pet.png', 1, 0, '2026-02-09 08:00:00'),
(7, 'Maria', 'Garcia', 'maria.garcia@email.com', '09181234568', 'AQAAAAIAAYagAAAAEH4cxxiIkR8ajC6TU/4c2UB+ykec3Eepow7zk9OJBsBlryGdWi6sR70iuDznR9gVyg==', 'Owner', 'Active', '2026-02-02 11:00:00', 'pet.png', 1, 0, '2026-02-08 09:00:00'),
(8, 'James', 'Brown', 'james.brown@email.com', '09181234569', 'AQAAAAIAAYagAAAAEH4cxxiIkR8ajC6TU/4c2UB+ykec3Eepow7zk9OJBsBlryGdWi6sR70iuDznR9gVyg==', 'Owner', 'Active', '2026-02-03 12:00:00', 'pet.png', 1, 0, '2026-02-07 10:00:00'),
(9, 'Lisa', 'Anderson', 'lisa.anderson@email.com', '09181234570', 'AQAAAAIAAYagAAAAEH4cxxiIkR8ajC6TU/4c2UB+ykec3Eepow7zk9OJBsBlryGdWi6sR70iuDznR9gVyg==', 'Owner', 'Active', '2026-02-04 13:00:00', 'pet.png', 1, 0, '2026-02-06 11:00:00'),
(10, 'Robert', 'Taylor', 'robert.taylor@email.com', '09181234571', 'AQAAAAIAAYagAAAAEH4cxxiIkR8ajC6TU/4c2UB+ykec3Eepow7zk9OJBsBlryGdWi6sR70iuDznR9gVyg==', 'Owner', 'Active', '2026-02-05 14:00:00', 'pet.png', 1, 0, '2026-02-05 12:00:00'),
(11, 'Jennifer', 'Martinez', 'jennifer.martinez@email.com', '09181234572', 'AQAAAAIAAYagAAAAEH4cxxiIkR8ajC6TU/4c2UB+ykec3Eepow7zk9OJBsBlryGdWi6sR70iuDznR9gVyg==', 'Owner', 'Active', '2026-02-06 15:00:00', 'pet.png', 0, 0, '2026-02-04 13:00:00'),
(12, 'William', 'Lee', 'william.lee@email.com', '09181234573', 'AQAAAAIAAYagAAAAEH4cxxiIkR8ajC6TU/4c2UB+ykec3Eepow7zk9OJBsBlryGdWi6sR70iuDznR9gVyg==', 'Owner', 'Active', '2026-02-07 16:00:00', 'pet.png', 0, 0, '2026-02-03 14:00:00'),
(13, 'Jessica', 'White', 'jessica.white@email.com', '09181234574', 'AQAAAAIAAYagAAAAEH4cxxiIkR8ajC6TU/4c2UB+ykec3Eepow7zk9OJBsBlryGdWi6sR70iuDznR9gVyg==', 'Owner', 'Active', '2026-02-08 17:00:00', 'pet.png', 1, 0, '2026-02-02 15:00:00'),
(14, 'Daniel', 'Harris', 'daniel.harris@email.com', '09181234575', 'AQAAAAIAAYagAAAAEH4cxxiIkR8ajC6TU/4c2UB+ykec3Eepow7zk9OJBsBlryGdWi6sR70iuDznR9gVyg==', 'Owner', 'Active', '2026-02-09 18:00:00', 'pet.png', 1, 0, '2026-02-01 16:00:00'),
(15, 'Amanda', 'Clark', 'amanda.clark@email.com', '09181234576', 'AQAAAAIAAYagAAAAEH4cxxiIkR8ajC6TU/4c2UB+ykec3Eepow7zk9OJBsBlryGdWi6sR70iuDznR9gVyg==', 'Owner', 'Active', '2026-02-09 19:00:00', 'pet.png', 0, 0, '2026-01-31 17:00:00');

SET IDENTITY_INSERT Users OFF;

-- ============================================
-- 2. OWNERS (10 rows)
-- ============================================

SET IDENTITY_INSERT Owners ON;

INSERT INTO Owners (OwnerID, UserID, Name, Email, Phone)
VALUES
(1, 6, 'test test', 'mariojringuito@riomar.dev', '09292932986'),
(2, 7, 'Maria Garcia', 'maria.garcia@email.com', '09181234568'),
(3, 8, 'James Brown', 'james.brown@email.com', '09181234569'),
(4, 9, 'Lisa Anderson', 'lisa.anderson@email.com', '09181234570'),
(5, 10, 'Robert Taylor', 'robert.taylor@email.com', '09181234571'),
(6, 11, 'Jennifer Martinez', 'jennifer.martinez@email.com', '09181234572'),
(7, 12, 'William Lee', 'william.lee@email.com', '09181234573'),
(8, 13, 'Jessica White', 'jessica.white@email.com', '09181234574'),
(9, 14, 'Daniel Harris', 'daniel.harris@email.com', '09181234575'),
(10, 15, 'Amanda Clark', 'amanda.clark@email.com', '09181234576');

SET IDENTITY_INSERT Owners OFF;

-- ============================================
-- 3. SERVICE CATEGORIES (8 rows)
-- ============================================

SET IDENTITY_INSERT ServiceCategories ON;

INSERT INTO ServiceCategories (CategoryID, ServiceType, Description)
VALUES
(1, 'Vaccination', 'Immunization and vaccination services'),
(2, 'Deworming & Preventives', 'Parasite prevention and treatment'),
(3, 'Surgery', 'Surgical procedures and operations'),
(4, 'Grooming & Wellness', 'Pet grooming and wellness care'),
(5, 'Diagnostics & Laboratory', 'Medical tests and diagnostics'),
(6, 'Medications & Treatment', 'Medical treatment and prescriptions'),
(7, 'Confinement & Hospitalization', 'Overnight care and monitoring'),
(8, 'Professional & Specialty Services', 'Specialized veterinary services');

SET IDENTITY_INSERT ServiceCategories OFF;

-- ============================================
-- 4. SERVICE SUBTYPES (30 rows)
-- ============================================

SET IDENTITY_INSERT ServiceSubtypes ON;

INSERT INTO ServiceSubtypes (SubtypeID, CategoryID, ServiceSubType, Description)
VALUES
(1, 1, 'Rabies Vaccination', 'Standard rabies immunization for dogs and cats'),
(2, 1, 'Distemper Vaccination', 'Canine distemper virus prevention'),
(3, 1, 'Parvovirus Vaccination', 'Canine parvovirus immunization'),
(4, 1, 'Hepatitis Vaccination', 'Canine infectious hepatitis prevention'),
(5, 1, 'Leptospirosis Vaccination', 'Leptospira bacteria prevention'),
(6, 1, 'FVRCP (Cats)', 'Feline viral rhinotracheitis, calicivirus, panleukopenia'),
(7, 1, 'FeLV (Cats)', 'Feline leukemia virus prevention'),
(8, 1, 'Bordetella Vaccination', 'Kennel cough prevention');

INSERT INTO ServiceSubtypes (SubtypeID, CategoryID, ServiceSubType, Description)
VALUES
(9, 2, 'General Deworming', 'Broad-spectrum deworming treatment'),
(10, 2, 'Tick & Flea Treatment', 'External parasite prevention and removal'),
(11, 2, 'Heartworm Prevention', 'Monthly heartworm preventive medication'),
(12, 2, 'Anti-Mange Treatment', 'Treatment for sarcoptic and demodectic mange'),
(13, 2, 'Intestinal Parasite Treatment', 'Targeted intestinal parasite elimination');

INSERT INTO ServiceSubtypes (SubtypeID, CategoryID, ServiceSubType, Description)
VALUES
(14, 3, 'Spay (Female)', 'Ovariohysterectomy for female pets'),
(15, 3, 'Neuter (Male)', 'Orchiectomy for male pets'),
(16, 3, 'Tumor Removal', 'Surgical excision of tumors or masses'),
(17, 3, 'Dental Surgery', 'Dental extraction and oral surgery'),
(18, 3, 'Wound Suturing', 'Wound closure and repair'),
(19, 3, 'Emergency Surgery', 'Urgent surgical intervention');

INSERT INTO ServiceSubtypes (SubtypeID, CategoryID, ServiceSubType, Description)
VALUES
(20, 4, 'Full Grooming', 'Complete bath, haircut, nail trim, and ear cleaning'),
(21, 4, 'Bath Only', 'Shampoo and blow-dry service'),
(22, 4, 'Nail Trimming', 'Nail clipping and filing'),
(23, 4, 'Ear Cleaning', 'Ear inspection and cleaning');

INSERT INTO ServiceSubtypes (SubtypeID, CategoryID, ServiceSubType, Description)
VALUES
(24, 5, 'Blood Test', 'Complete blood count and chemistry panel'),
(25, 5, 'X-Ray', 'Radiographic imaging'),
(26, 5, 'Ultrasound', 'Ultrasonographic examination'),
(27, 5, 'Urinalysis', 'Urine analysis and culture');

INSERT INTO ServiceSubtypes (SubtypeID, CategoryID, ServiceSubType, Description)
VALUES
(28, 6, 'Antibiotic Treatment', 'Bacterial infection treatment'),
(29, 6, 'Pain Management', 'Analgesic and anti-inflammatory therapy');

INSERT INTO ServiceSubtypes (SubtypeID, CategoryID, ServiceSubType, Description)
VALUES
(30, 7, 'Overnight Confinement', 'Monitored overnight stay and care');

SET IDENTITY_INSERT ServiceSubtypes OFF;

-- ============================================
-- 5. PETS (20 rows)
-- ============================================

SET IDENTITY_INSERT Pets ON;

INSERT INTO Pets (PetID, OwnerID, Name, Type, Breed, Birthdate, PhotoPath, CreatedAt)
VALUES
(1, 1, 'Max', 'Dog', 'Golden Retriever', '2020-05-15', NULL, '2026-02-01 10:30:00'),
(2, 1, 'Bella', 'Dog', 'Labrador Retriever', '2021-03-20', NULL, '2026-02-01 10:35:00'),
(3, 2, 'Luna', 'Cat', 'Persian', '2019-08-10', NULL, '2026-02-02 11:30:00'),
(4, 2, 'Simba', 'Cat', 'Siamese', '2020-12-05', NULL, '2026-02-02 11:35:00'),
(5, 3, 'Rocky', 'Dog', 'German Shepherd', '2019-04-22', NULL, '2026-02-03 12:30:00'),
(6, 3, 'Daisy', 'Dog', 'Beagle', '2021-07-18', NULL, '2026-02-03 12:35:00'),
(7, 4, 'Charlie', 'Dog', 'Poodle', '2020-09-30', NULL, '2026-02-04 13:30:00'),
(8, 4, 'Milo', 'Cat', 'Maine Coon', '2018-11-15', NULL, '2026-02-04 13:35:00'),
(9, 5, 'Buddy', 'Dog', 'Bulldog', '2021-01-25', NULL, '2026-02-05 14:30:00'),
(10, 5, 'Molly', 'Dog', 'Shih Tzu', '2020-06-12', NULL, '2026-02-05 14:35:00'),
(11, 6, 'Cooper', 'Dog', 'Cocker Spaniel', '2019-10-08', NULL, '2026-02-06 15:30:00'),
(12, 6, 'Chloe', 'Cat', 'Ragdoll', '2021-02-14', NULL, '2026-02-06 15:35:00'),
(13, 7, 'Duke', 'Dog', 'Boxer', '2020-03-27', NULL, '2026-02-07 16:30:00'),
(14, 7, 'Lucy', 'Dog', 'Dachshund', '2021-09-05', NULL, '2026-02-07 16:35:00'),
(15, 8, 'Bailey', 'Dog', 'Australian Shepherd', '2019-12-20', NULL, '2026-02-08 17:30:00'),
(16, 8, 'Oscar', 'Cat', 'British Shorthair', '2020-07-30', NULL, '2026-02-08 17:35:00'),
(17, 9, 'Sadie', 'Dog', 'Pomeranian', '2021-04-11', NULL, '2026-02-09 18:30:00'),
(18, 9, 'Toby', 'Dog', 'Chihuahua', '2020-11-28', NULL, '2026-02-09 18:35:00'),
(19, 10, 'Maggie', 'Dog', 'Border Collie', '2019-06-16', NULL, '2026-02-09 19:30:00'),
(20, 10, 'Whiskers', 'Cat', 'Domestic Shorthair', '2021-08-22', NULL, '2026-02-09 19:35:00');

SET IDENTITY_INSERT Pets OFF;

-- ============================================
-- 6. APPOINTMENTS (25 rows)
-- ============================================

SET IDENTITY_INSERT Appointments ON;

INSERT INTO Appointments (AppointmentID, PetID, GroupID, AppointmentDate, CategoryID, SubtypeID, Status, CreatedAt, AdministeredBy, Notes, DueDate)
VALUES
(1, 1, NULL, '2026-01-15 10:00:00', 1, 1, 'Completed', '2026-01-10 09:00:00', 'Dr. Sarah Johnson', 'Rabies vaccination administered successfully. No adverse reactions.', '2026-01-15 00:00:00'),
(2, 3, NULL, '2026-01-18 14:00:00', 4, 20, 'Completed', '2026-01-15 10:00:00', 'Dr. Michael Chen', 'Full grooming completed. Pet was well-behaved.', NULL),
(3, 5, NULL, '2026-01-20 09:30:00', 2, 9, 'Completed', '2026-01-17 11:00:00', 'Dr. Emily Rodriguez', 'General deworming completed. Advised follow-up in 3 months.', '2026-02-09 00:00:00'),
(4, 7, NULL, '2026-01-22 11:00:00', 1, 2, 'Completed', '2026-01-19 12:00:00', 'Dr. Sarah Johnson', 'Distemper vaccination given. Pet healthy.', '2026-01-22 00:00:00'),
(5, 9, NULL, '2026-01-25 15:30:00', 5, 24, 'Completed', '2026-01-22 13:00:00', 'Dr. David Williams', 'Blood test performed. Results normal.', NULL),
(6, 2, NULL, '2026-01-28 10:30:00', 1, 3, 'Completed', '2026-01-25 14:00:00', 'Dr. Michael Chen', 'Parvovirus vaccination completed.', '2026-01-28 00:00:00'),
(7, 4, NULL, '2026-01-30 13:00:00', 2, 10, 'Completed', '2026-01-27 15:00:00', 'Dr. Emily Rodriguez', 'Tick and flea treatment applied. No ticks found.', '2026-02-09 00:00:00'),
(8, 6, NULL, '2026-02-01 09:00:00', 3, 14, 'Completed', '2026-01-28 16:00:00', 'Dr. David Williams', 'Spay surgery successful. Recovery going well.', NULL),
(9, 8, NULL, '2026-02-03 14:30:00', 4, 21, 'Completed', '2026-01-30 17:00:00', 'Dr. Sarah Johnson', 'Bath completed. Coat looks healthy.', NULL),
(10, 10, NULL, '2026-02-05 11:30:00', 1, 1, 'Completed', '2026-02-01 18:00:00', 'Dr. Michael Chen', 'Annual rabies vaccination given.', '2026-02-05 00:00:00'),
(11, 11, NULL, '2026-02-07 10:00:00', 2, 9, 'Completed', '2026-02-03 09:00:00', 'Dr. Emily Rodriguez', 'Deworming treatment completed successfully.', '2026-02-09 00:00:00'),
(12, 13, NULL, '2026-02-08 15:00:00', 5, 25, 'Completed', '2026-02-04 10:00:00', 'Dr. David Williams', 'X-ray taken. No abnormalities detected.', NULL),
(13, 1, NULL, '2026-02-09 10:00:00', 2, 9, 'Pending', '2026-02-08 11:00:00', NULL, 'Scheduled deworming treatment.', '2026-02-09 00:00:00'),
(14, 15, NULL, '2026-02-09 14:00:00', 1, 1, 'Pending', '2026-02-08 12:00:00', NULL, 'Annual vaccination due.', '2026-02-09 00:00:00'),
(15, 17, NULL, '2026-02-09 11:30:00', 4, 22, 'Pending', '2026-02-09 13:00:00', NULL, 'Nail trimming appointment.', NULL),
(16, 3, NULL, '2026-02-09 10:30:00', 1, 6, 'Pending', '2026-02-09 14:00:00', NULL, 'FVRCP vaccination scheduled.', '2026-02-09 00:00:00'),
(17, 19, NULL, '2026-02-09 13:00:00', 2, 10, 'Pending', '2026-02-09 15:00:00', NULL, 'Tick and flea prevention treatment.', '2026-02-09 00:00:00'),
(18, 5, NULL, '2026-02-09 09:30:00', 1, 4, 'Pending', '2026-02-09 16:00:00', NULL, 'Hepatitis vaccination due.', '2026-02-09 00:00:00'),
(19, 12, NULL, '2026-02-09 14:30:00', 4, 20, 'Pending', '2026-02-09 17:00:00', NULL, 'Full grooming service scheduled.', NULL),
(20, 7, NULL, '2026-02-09 10:00:00', 5, 24, 'Pending', '2026-02-09 18:00:00', NULL, 'Annual blood test.', NULL),
(21, 9, NULL, '2026-02-09 11:00:00', 1, 1, 'Pending', '2026-02-09 19:00:00', NULL, 'Rabies vaccination booster.', '2026-02-09 00:00:00'),
(22, 14, NULL, '2026-02-09 09:00:00', 3, 15, 'Pending', '2026-02-09 20:00:00', NULL, 'Scheduled for neutering procedure.', NULL),
(23, 16, NULL, '2026-02-09 13:30:00', 2, 11, 'Pending', '2026-02-09 21:00:00', NULL, 'Heartworm prevention treatment.', '2026-02-09 00:00:00'),
(24, 18, NULL, '2026-02-09 15:00:00', 4, 21, 'Cancelled', '2026-02-07 10:00:00', NULL, 'Owner requested cancellation due to schedule conflict.', NULL),
(25, 20, NULL, '2026-02-09 10:30:00', 1, 2, 'Cancelled', '2026-02-08 11:00:00', NULL, 'Pet not feeling well, rescheduled.', NULL);

SET IDENTITY_INSERT Appointments OFF;

-- ============================================
-- 7. PET CARDS (7 rows)
-- ============================================

IF OBJECT_ID('PetCards', 'U') IS NOT NULL
BEGIN
    SET IDENTITY_INSERT PetCards ON;

    INSERT INTO PetCards (PetCardID, AppointmentID, DateAdministered, NextDueDate)
    VALUES
    (1, 1, '2026-01-15 10:00:00', '2026-01-15 00:00:00'),
    (2, 3, '2026-01-20 09:30:00', '2026-02-09 00:00:00'),
    (3, 4, '2026-01-22 11:00:00', '2026-01-22 00:00:00'),
    (4, 6, '2026-01-28 10:30:00', '2026-01-28 00:00:00'),
    (5, 7, '2026-01-30 13:00:00', '2026-02-09 00:00:00'),
    (6, 10, '2026-02-05 11:30:00', '2026-02-05 00:00:00'),
    (7, 11, '2026-02-07 10:00:00', '2026-02-09 00:00:00');

    SET IDENTITY_INSERT PetCards OFF;
END

-- ============================================
-- 8. NOTIFICATIONS (15 rows)
-- ============================================

SET IDENTITY_INSERT Notifications ON;

INSERT INTO Notifications (NotificationID, Type, Message, TargetRole, TargetUserId, IsRead, RedirectUrl, CreatedAt)
VALUES
(1, 'System', 'System maintenance scheduled for February 9, 2026 at 2:00 AM.', NULL, NULL, 0, NULL, '2026-02-08 08:00:00'),
(2, 'System', 'New mobile app version 2.0 is now available. Please update.', 'Owner', NULL, 0, NULL, '2026-02-07 09:00:00'),
(3, 'Appointment', 'Reminder: Max has an appointment tomorrow at 10:00 AM for deworming.', NULL, 6, 0, '/Owner/Appointments', '2026-02-09 08:00:00'),
(4, 'Vaccination', 'Bella''s rabies vaccination is due in 5 days. Please schedule an appointment.', NULL, 6, 0, '/Owner/Pets', '2026-02-09 10:00:00'),
(5, 'Appointment', 'Your appointment for Luna has been confirmed for Feb 9 at 10:30 AM.', NULL, 7, 1, '/Owner/Appointments', '2026-02-09 14:30:00'),
(6, 'Deworming', 'Rocky''s deworming treatment is due in 3 days.', NULL, 8, 0, '/Owner/Pets', '2026-02-09 11:00:00'),
(7, 'Appointment', 'Reminder: Charlie has a nail trimming appointment on Feb 9 at 11:30 AM.', NULL, 9, 0, '/Owner/Appointments', '2026-02-09 08:00:00'),
(8, 'Appointment', 'Bailey''s appointment has been successfully booked for Feb 9 at 2:00 PM.', NULL, 13, 1, '/Owner/Appointments', '2026-02-08 15:00:00'),
(9, 'User', 'New owner registered: Amanda Clark via mobile app.', 'Staff', NULL, 1, '/Staff/Owners', '2026-02-09 19:05:00'),
(10, 'Appointment', 'New appointment request from test test for Feb 9, 10:00 AM.', 'Staff', NULL, 1, '/Staff/Appointments', '2026-02-08 11:15:00'),
(11, 'Appointment', 'Appointment cancelled by Jessica White for Feb 9, 3:00 PM.', 'Staff', NULL, 1, '/Staff/Appointments', '2026-02-07 10:30:00'),
(12, 'System', 'Database backup completed successfully.', 'Admin', NULL, 1, NULL, '2026-02-09 02:00:00'),
(13, 'User', 'New staff member added: David Williams.', 'Admin', NULL, 1, '/Admin/Users', '2026-01-20 09:15:00'),
(14, 'Appointment', 'Your appointment for Maggie has been confirmed for Feb 9 at 1:30 PM.', NULL, 15, 0, '/Owner/Appointments', '2026-02-09 21:30:00'),
(15, 'Vaccination', 'Cooper''s vaccination is due this month. Please schedule an appointment.', NULL, 11, 0, '/Owner/Pets', '2026-02-09 12:00:00');

SET IDENTITY_INSERT Notifications OFF;

-- ============================================
-- 9. SYSTEM LOGS (20 rows)
-- ============================================

SET IDENTITY_INSERT SystemLogs ON;

INSERT INTO SystemLogs (LogID, ActionType, Module, Description, PerformedBy, Timestamp)
VALUES
(1, 'Create', 'User', 'New admin user created: Test test', 'System', '2026-01-01 08:00:00'),
(2, 'Create', 'User', 'New staff member added: test test', 'UserID:1', '2026-01-05 09:00:00'),
(3, 'Create', 'User', 'New staff member added: Michael Chen', 'UserID:1', '2026-01-10 09:00:00'),
(4, 'Create', 'User', 'New owner registered via web: test test', 'UserID:2', '2026-02-01 10:00:00'),
(5, 'Create', 'Pet', 'New pet added: Max (Golden Retriever)', 'UserID:6', '2026-02-01 10:30:00'),
(6, 'Create', 'Appointment', 'Appointment created for Max - Rabies Vaccination', 'UserID:6', '2026-01-10 09:00:00'),
(7, 'Update', 'Appointment', 'Appointment #1 marked as completed for Max', 'UserID:2', '2026-01-15 10:30:00'),
(8, 'Create', 'User', 'New owner registered via mobile: Maria Garcia', 'Mobile App', '2026-02-02 11:00:00'),
(9, 'Create', 'Pet', 'New pet added: Luna (Persian)', 'UserID:7', '2026-02-02 11:30:00'),
(10, 'Create', 'ServiceCategory', 'New service category added: Vaccination', 'UserID:1', '2026-01-02 10:00:00'),
(11, 'Create', 'ServiceSubtype', 'New service subtype added: Rabies Vaccination', 'UserID:1', '2026-01-02 10:15:00'),
(12, 'Update', 'Pet', 'Pet photo updated for Bella', 'UserID:6', '2026-02-05 14:20:00'),
(13, 'Delete', 'Appointment', 'Appointment #24 cancelled by owner request', 'UserID:13', '2026-02-07 10:30:00'),
(14, 'Create', 'Notification', 'System notification sent to all owners regarding app update', 'UserID:1', '2026-02-07 09:00:00'),
(15, 'Update', 'User', 'User profile updated: test test changed phone number', 'UserID:6', '2026-02-08 10:00:00'),
(16, 'Create', 'Appointment', 'Appointment created for Rocky - Tick Treatment', 'UserID:8', '2026-02-09 16:00:00'),
(17, 'Update', 'Appointment', 'Appointment #8 marked as completed - Spay surgery for Daisy', 'UserID:3', '2026-02-01 11:00:00'),
(18, 'Create', 'Pet', 'New pet added: Whiskers (Domestic Shorthair)', 'UserID:15', '2026-02-09 19:35:00'),
(19, 'Update', 'User', 'Password changed for user: Lisa Anderson', 'UserID:9', '2026-02-06 15:30:00'),
(20, 'Create', 'SystemLog', 'System logs cleared by administrator', 'UserID:1', '2026-02-09 22:00:00');

SET IDENTITY_INSERT SystemLogs OFF;

PRINT 'Database seeded successfully!';
PRINT 'Default password for all accounts: Password123!';
